{"comments":{"spacing":0,"theme":{"bg":{"dark":{"hex":"262936","alpha":1},"light":{"alpha":1,"hex":"262936"}},"type":"card","indentCurve":11,"badge":{"spacing":5,"authorText":{"size":15,"color":{"light":{"hex":"f7f6f1","alpha":1},"dark":{"hex":"f7f6f1","alpha":1}},"weight":{"light":{}}},"statsText":{"size":12,"weight":{"light":{}},"color":{"dark":{"hex":"c48fff","alpha":1},"light":{"alpha":1,"hex":"c48fff"}}},"avatar":{"cornerRadius":12,"size":30,"visible":false}},"outerHPadding":8,"innerPadding":{"horizontal":10,"vertical":0},"repliesSpacing":8,"cornerRadius":10,"bodyAuthorSpacing":10,"bodyText":{"size":15,"weight":{"light":{}},"color":{"light":{"alpha":1,"hex":"f8f7f1"},"dark":{"hex":"f7f6f1","alpha":1}}}},"divider":{"thickness":1,"color":{"dark":{"hex":"42465a","alpha":1},"light":{"hex":"42465a","alpha":1}},"style":{"line":{}}}},"metadata":{"description":"Draculish Theme (color scheme doesn’t match perfectly with pallets)\n\nMissing some customization for more color added in.","color":{"alpha":1,"hex":"c48fff"},"author":"@bberries","name":"Nalryf","icon":"theatermasks"},"id":"EDC02595-CE0B-4C38-8EEA-F96DD72F8639","posts":{"commentsDistance":16,"badge":{"avatar":{"size":30,"visible":false,"cornerRadius":15},"authorText":{"size":13,"color":{"light":{"alpha":1,"hex":"f7f6f1"},"dark":{"hex":"f7f6f1","alpha":1}},"weight":{"semibold":{}}},"statsText":{"weight":{"medium":{}},"size":12,"color":{"dark":{"alpha":1,"hex":"f7f6f1"},"light":{"alpha":1,"hex":"f7f6f1"}}},"spacing":5},"padding":{"vertical":0,"horizontal":18},"spacing":12,"bodyText":{"weight":{"regular":{}},"color":{"dark":{"hex":"f7f6f1","alpha":1},"light":{"alpha":1,"hex":"f7f6f1"}},"size":15},"titleText":{"size":20,"weight":{"regular":{}},"color":{"dark":{"hex":"f7f6f1","alpha":1},"light":{"hex":"f7f6f1","alpha":1}}},"bg":{"color":{"_0":{"dark":{"alpha":1,"hex":"262936"},"light":{"hex":"262936","alpha":1}}}}},"postLinks":{"divider":{"color":{"dark":{"hex":"42465a","alpha":1},"light":{"hex":"ffffff","alpha":0.5}},"thickness":6,"style":{"fancy":{}}},"bg":{"color":{"_0":{"dark":{"hex":"262936","alpha":1},"light":{"hex":"262936","alpha":1}}}},"spacing":0,"theme":{"unseenType":{"dot":{"_0":{"dark":{"alpha":1,"hex":"c48fff"},"light":{"alpha":1,"hex":"c48fff"}}}},"innerPadding":{"horizontal":12,"vertical":12},"outerHPadding":10,"type":"card","mediaCornerRadius":0,"stickyPostBorderColor":{"color":{"light":{"alpha":1,"hex":"c48fff"},"dark":{"alpha":1,"hex":"c48fff"}},"thickness":4},"verticalElementsSpacing":8,"bg":{"blurry":true,"color":{"light":{"hex":"262936","alpha":1},"dark":{"hex":"262936","alpha":1}}},"badge":{"authorText":{"size":12,"color":{"dark":{"hex":"f7f6f1","alpha":1},"light":{"hex":"f7f6f1","alpha":1}},"weight":{"semibold":{}}},"avatar":{"cornerRadius":15,"size":30,"visible":false},"statsText":{"weight":{"medium":{}},"size":12,"color":{"light":{"hex":"f7f6f1","alpha":1},"dark":{"alpha":1,"hex":"f7f6f1"}}},"spacing":5},"cornerRadius":0,"titleText":{"color":{"light":{"hex":"f7f6f1","alpha":1},"dark":{"hex":"f7f6f1","alpha":1}},"weight":{"medium":{}},"size":20},"bodyText":{"weight":{"regular":{}},"color":{"dark":{"hex":"f7f6f1","alpha":1},"light":{"hex":"f7f6f1","alpha":1}},"size":14}}},"lists":{"foreground":{"color":{"dark":{"hex":"262936","alpha":1},"light":{"alpha":1,"hex":"262936"}},"blurry":true},"dividersColors":{"light":{"alpha":1,"hex":"42465a"},"dark":{"hex":"42465a","alpha":1}},"bg":{"color":{"_0":{"dark":{"hex":"262936","alpha":1},"light":{"alpha":1,"hex":"262936"}}}}},"general":{"tabBarBG":{"blurry":true,"color":{"dark":{"hex":"262936","alpha":1},"light":{"alpha":1,"hex":"262936"}}},"accentColor":{"dark":{"alpha":1,"hex":"c490ff"},"light":{"hex":"c48fff","alpha":1}},"navPanelBG":{"color":{"dark":{"alpha":1,"hex":"262936"},"light":{"hex":"262936","alpha":1}},"blurry":true},"modalsBG":{"blurry":true,"color":{"light":{"hex":"ffffff","alpha":0},"dark":{"hex":"ffffff","alpha":0}}},"floatingPanelsBG":{"color":{"light":{"hex":"5c71a8","alpha":1},"dark":{"hex":"5c71a8","alpha":1}},"blurry":false}}}